id_pedido,nombre_cliente,fecha,id_dibujo,subtotal,total,observaciones,estado_pedido,estado,fecha_creacion
1,Empresa Constructora Altiplano,2023-01-19,,1339.15,1339.15,,completado,1,2023-01-19 17:00:00
2,Constructora Andina SRL,2023-01-08,,5659.0,5659.0,,completado,1,2023-01-08 09:00:00
3,Constructora Illimani,2023-01-06,,767.65,767.65,,completado,1,2023-01-06 12:00:00
4,Constructora Illimani,2023-01-02,,1462.1,1462.1,,completado,1,2023-01-02 12:00:00
5,Pedro Apaza Huanca,2023-01-26,,2341.05,2341.05,,completado,1,2023-01-26 12:00:00
6,Cooperativa El Progreso,2023-01-23,,1439.4,1439.4,,cancelado,1,2023-01-23 09:00:00
7,Pedro Apaza Huanca,2023-01-08,,2912.2,2912.2,,completado,1,2023-01-08 10:00:00
8,Constructora Andina SRL,2023-01-16,,1624.85,1624.85,,completado,1,2023-01-16 15:00:00
9,Cooperativa El Progreso,2023-01-10,,3803.8,3803.8,,completado,1,2023-01-10 08:00:00
10,Ferretería La Paz Centro,2023-01-22,,2362.05,2362.05,,completado,1,2023-01-22 15:00:00
11,Ferrería El Constructor,2023-01-25,,1590.5,1590.5,,completado,1,2023-01-25 11:00:00
12,María Elena Condori,2023-01-23,,1025.3,1025.3,,completado,1,2023-01-23 09:00:00
13,Juan Carlos Quispe,2023-02-04,,2778.3,2778.3,,completado,1,2023-02-04 10:00:00
14,Distribuidora Norte SRL,2023-02-28,,579.0,579.0,,completado,1,2023-02-28 10:00:00
15,Ferretería La Paz Centro,2023-02-15,,2480.7,2480.7,,completado,1,2023-02-15 14:00:00
16,Ingeniería Civil Andes,2023-02-08,,5233.5,5233.5,,completado,1,2023-02-08 17:00:00
17,CONBOL S.A.,2023-02-11,,1246.1,1246.1,,en_proceso,1,2023-02-11 15:00:00
18,Proyecto Municipal Viacha,2023-02-26,,1087.95,1087.95,,completado,1,2023-02-26 15:00:00
19,Ferretería La Paz Centro,2023-02-28,,2714.0,2714.0,,completado,1,2023-02-28 09:00:00
20,CONBOL S.A.,2023-02-14,,2630.1,2630.1,,completado,1,2023-02-14 14:00:00
21,María Elena Condori,2023-02-19,,1858.1,1858.1,,completado,1,2023-02-19 17:00:00
22,Constructora Illimani,2023-02-05,,702.15,702.15,,completado,1,2023-02-05 12:00:00
23,Ferretería La Paz Centro,2023-02-22,,4748.4,4748.4,,completado,1,2023-02-22 11:00:00
24,Hermanos Ticona Ltda.,2023-02-13,,2139.5,2139.5,,completado,1,2023-02-13 08:00:00
25,Ferrería El Constructor,2023-03-22,,1661.3,1661.3,,en_proceso,1,2023-03-22 10:00:00
26,CONBOL S.A.,2023-03-21,,4600.9,4600.9,,en_proceso,1,2023-03-21 14:00:00
27,Ferretería Don Pepe,2023-03-06,,809.2,809.2,,completado,1,2023-03-06 15:00:00
28,Empresa Constructora Altiplano,2023-03-31,,1829.2,1829.2,,completado,1,2023-03-31 14:00:00
29,Ferretería La Paz Centro,2023-03-31,,4424.1,4424.1,,completado,1,2023-03-31 11:00:00
30,Construcciones Mamani e Hijos,2023-03-16,,1572.6,1572.6,,completado,1,2023-03-16 15:00:00
31,CONBOL S.A.,2023-03-04,,1977.95,1977.95,,completado,1,2023-03-04 16:00:00
32,Pedro Apaza Huanca,2023-03-14,,5852.9,5852.9,,completado,1,2023-03-14 14:00:00
33,Proyecto Municipal Viacha,2023-03-31,,4505.2,4505.2,,completado,1,2023-03-31 13:00:00
34,Cooperativa El Progreso,2023-03-02,,7010.7,7010.7,,completado,1,2023-03-02 16:00:00
35,Pedro Apaza Huanca,2023-03-07,,3471.7,3471.7,,completado,1,2023-03-07 08:00:00
36,Construcciones Mamani e Hijos,2023-03-05,,881.65,881.65,,completado,1,2023-03-05 17:00:00
37,Ana Luz Choque,2023-03-04,,2320.8,2320.8,,completado,1,2023-03-04 09:00:00
38,Distribuidora Norte SRL,2023-03-29,,681.35,681.35,,completado,1,2023-03-29 13:00:00
39,Constructora Andina SRL,2023-04-20,,3865.95,3865.95,,completado,1,2023-04-20 11:00:00
40,Ana Luz Choque,2023-04-14,,4576.0,4576.0,,en_proceso,1,2023-04-14 10:00:00
41,Hermanos Ticona Ltda.,2023-04-22,,2026.3,2026.3,,completado,1,2023-04-22 13:00:00
42,CONBOL S.A.,2023-04-22,,2259.1,2259.1,,completado,1,2023-04-22 15:00:00
43,CONBOL S.A.,2023-04-08,,1101.95,1101.95,,completado,1,2023-04-08 17:00:00
44,Ferretería La Paz Centro,2023-04-20,,1372.35,1372.35,,completado,1,2023-04-20 10:00:00
45,Construcciones Mamani e Hijos,2023-04-24,,2093.1,2093.1,,completado,1,2023-04-24 17:00:00
46,Ferrería El Constructor,2023-04-03,,2831.2,2831.2,,completado,1,2023-04-03 09:00:00
47,Pedro Apaza Huanca,2023-04-10,,5337.85,5337.85,,completado,1,2023-04-10 10:00:00
48,Proyecto Municipal Viacha,2023-04-25,,7104.7,7104.7,,completado,1,2023-04-25 16:00:00
49,Constructora Illimani,2023-04-23,,1668.0,1668.0,,completado,1,2023-04-23 14:00:00
50,CONBOL S.A.,2023-04-10,,15046.8,15046.8,,completado,1,2023-04-10 11:00:00
51,María Elena Condori,2023-04-11,,655.35,655.35,,completado,1,2023-04-11 10:00:00
52,CONBOL S.A.,2023-04-08,,11311.0,11311.0,,completado,1,2023-04-08 10:00:00
53,Hermanos Ticona Ltda.,2023-04-25,,4582.1,4582.1,,completado,1,2023-04-25 13:00:00
54,Ana Luz Choque,2023-04-05,,8771.8,8771.8,,completado,1,2023-04-05 08:00:00
55,Distribuidora Norte SRL,2023-05-10,,2861.3,2861.3,,completado,1,2023-05-10 17:00:00
56,Constructora Andina SRL,2023-05-16,,1501.6,1501.6,,completado,1,2023-05-16 09:00:00
57,María Elena Condori,2023-05-17,,13592.25,13592.25,,completado,1,2023-05-17 13:00:00
58,Ferretería San Antonio,2023-05-03,,4469.2,4469.2,,completado,1,2023-05-03 17:00:00
59,Juan Carlos Quispe,2023-05-22,,6444.2,6444.2,,en_proceso,1,2023-05-22 09:00:00
60,Ferretería La Paz Centro,2023-05-10,,10700.1,10700.1,,completado,1,2023-05-10 13:00:00
61,María Elena Condori,2023-05-10,,9982.55,9982.55,,cancelado,1,2023-05-10 16:00:00
62,Ferretería La Paz Centro,2023-05-25,,16373.0,16373.0,,en_proceso,1,2023-05-25 10:00:00
63,Ana Luz Choque,2023-05-24,,3103.8,3103.8,,completado,1,2023-05-24 11:00:00
64,Hermanos Ticona Ltda.,2023-05-10,,2316.95,2316.95,,en_proceso,1,2023-05-10 12:00:00
65,Cooperativa El Progreso,2023-05-25,,6826.85,6826.85,,completado,1,2023-05-25 08:00:00
66,Hermanos Ticona Ltda.,2023-05-21,,1445.7,1445.7,,en_proceso,1,2023-05-21 16:00:00
67,Ingeniería Civil Andes,2023-05-05,,1489.9,1489.9,,completado,1,2023-05-05 13:00:00
68,Juan Carlos Quispe,2023-05-26,,821.0,821.0,,completado,1,2023-05-26 15:00:00
69,Organización Vecinal 12 de Octubre,2023-05-15,,2013.0,2013.0,,completado,1,2023-05-15 17:00:00
70,Ingeniería Civil Andes,2023-05-17,,7114.55,7114.55,,completado,1,2023-05-17 17:00:00
71,Distribuidora Norte SRL,2023-05-15,,1516.45,1516.45,,completado,1,2023-05-15 09:00:00
72,Constructora Andina SRL,2023-05-31,,6003.05,6003.05,,completado,1,2023-05-31 11:00:00
73,CONBOL S.A.,2023-05-24,,2357.7,2357.7,,completado,1,2023-05-24 10:00:00
74,Ana Luz Choque,2023-06-25,,4187.9,4187.9,,completado,1,2023-06-25 12:00:00
75,Cooperativa El Progreso,2023-06-17,,5802.4,5802.4,,cancelado,1,2023-06-17 13:00:00
76,CONBOL S.A.,2023-06-09,,4506.95,4506.95,,completado,1,2023-06-09 13:00:00
77,Constructora Andina SRL,2023-06-30,,5071.0,5071.0,,completado,1,2023-06-30 10:00:00
78,Empresa Constructora Altiplano,2023-06-18,,5624.3,5624.3,,completado,1,2023-06-18 14:00:00
79,Ana Luz Choque,2023-06-06,,3630.2,3630.2,,completado,1,2023-06-06 12:00:00
80,Ferrería El Constructor,2023-06-21,,9688.8,9688.8,,completado,1,2023-06-21 15:00:00
81,Juan Carlos Quispe,2023-06-02,,4409.4,4409.4,,completado,1,2023-06-02 09:00:00
82,Juan Carlos Quispe,2023-06-19,,8538.5,8538.5,,completado,1,2023-06-19 16:00:00
83,Proyecto Municipal Viacha,2023-06-04,,4017.8,4017.8,,completado,1,2023-06-04 09:00:00
84,Ferretería San Antonio,2023-06-26,,8077.2,8077.2,,completado,1,2023-06-26 13:00:00
85,Constructora Illimani,2023-06-17,,6086.7,6086.7,,completado,1,2023-06-17 16:00:00
86,Roberto Flores Mamani,2023-06-19,,2305.95,2305.95,,completado,1,2023-06-19 13:00:00
87,Distribuidora Norte SRL,2023-06-21,,4439.3,4439.3,,completado,1,2023-06-21 14:00:00
88,Ferrería El Constructor,2023-06-17,,1946.8,1946.8,,en_proceso,1,2023-06-17 12:00:00
89,Distribuidora Norte SRL,2023-06-28,,6345.7,6345.7,,completado,1,2023-06-28 17:00:00
90,María Elena Condori,2023-06-05,,8852.75,8852.75,,completado,1,2023-06-05 17:00:00
91,Ferretería Don Pepe,2023-06-09,,16406.5,16406.5,,completado,1,2023-06-09 14:00:00
92,Ana Luz Choque,2023-06-10,,7863.4,7863.4,,completado,1,2023-06-10 17:00:00
93,Ferretería San Antonio,2023-07-28,,1781.8,1781.8,,completado,1,2023-07-28 12:00:00
94,Cooperativa El Progreso,2023-07-31,,9264.4,9264.4,,en_proceso,1,2023-07-31 10:00:00
95,Constructora Andina SRL,2023-07-16,,1080.0,1080.0,,completado,1,2023-07-16 15:00:00
96,Ferretería La Paz Centro,2023-07-10,,7348.55,7348.55,,completado,1,2023-07-10 14:00:00
97,Ferrería El Constructor,2023-07-12,,5227.05,5227.05,,completado,1,2023-07-12 17:00:00
98,Organización Vecinal 12 de Octubre,2023-07-22,,6032.15,6032.15,,completado,1,2023-07-22 13:00:00
99,Hermanos Ticona Ltda.,2023-07-26,,2250.0,2250.0,,completado,1,2023-07-26 13:00:00
100,Cooperativa El Progreso,2023-07-06,,6666.0,6666.0,,cancelado,1,2023-07-06 14:00:00
101,Empresa Constructora Altiplano,2023-07-19,,2279.6,2279.6,,completado,1,2023-07-19 10:00:00
102,Organización Vecinal 12 de Octubre,2023-07-17,,8955.2,8955.2,,completado,1,2023-07-17 14:00:00
103,Ingeniería Civil Andes,2023-07-05,,3452.85,3452.85,,completado,1,2023-07-05 11:00:00
104,Ferretería San Antonio,2023-07-18,,8216.25,8216.25,,cancelado,1,2023-07-18 12:00:00
105,Hermanos Ticona Ltda.,2023-07-20,,215.25,215.25,,completado,1,2023-07-20 12:00:00
106,Empresa Constructora Altiplano,2023-07-25,,6733.7,6733.7,,completado,1,2023-07-25 12:00:00
107,CONBOL S.A.,2023-07-10,,1787.2,1787.2,,completado,1,2023-07-10 09:00:00
108,Ana Luz Choque,2023-07-12,,7871.3,7871.3,,completado,1,2023-07-12 11:00:00
109,Ferrería El Constructor,2023-07-08,,2728.35,2728.35,,completado,1,2023-07-08 08:00:00
110,Ferretería La Paz Centro,2023-07-31,,1728.15,1728.15,,cancelado,1,2023-07-31 11:00:00
111,Empresa Constructora Altiplano,2023-07-25,,4983.0,4983.0,,completado,1,2023-07-25 10:00:00
112,María Elena Condori,2023-07-14,,5511.2,5511.2,,en_proceso,1,2023-07-14 12:00:00
113,Empresa Constructora Altiplano,2023-08-01,,1309.0,1309.0,,completado,1,2023-08-01 16:00:00
114,Hermanos Ticona Ltda.,2023-08-17,,7520.0,7520.0,,en_proceso,1,2023-08-17 13:00:00
115,Ana Luz Choque,2023-08-06,,2658.0,2658.0,,completado,1,2023-08-06 13:00:00
116,Cooperativa El Progreso,2023-08-03,,1780.4,1780.4,,completado,1,2023-08-03 12:00:00
117,Constructora Illimani,2023-08-13,,799.8,799.8,,completado,1,2023-08-13 12:00:00
118,Roberto Flores Mamani,2023-08-21,,11928.9,11928.9,,completado,1,2023-08-21 16:00:00
119,Empresa Constructora Altiplano,2023-08-30,,6385.3,6385.3,,completado,1,2023-08-30 17:00:00
120,Ingeniería Civil Andes,2023-08-12,,2811.0,2811.0,,completado,1,2023-08-12 17:00:00
121,Ferrería El Constructor,2023-08-04,,5094.3,5094.3,,en_proceso,1,2023-08-04 08:00:00
122,Juan Carlos Quispe,2023-08-15,,10341.2,10341.2,,completado,1,2023-08-15 11:00:00
123,Distribuidora Norte SRL,2023-08-19,,1258.3,1258.3,,completado,1,2023-08-19 14:00:00
124,Juan Carlos Quispe,2023-08-06,,7645.0,7645.0,,completado,1,2023-08-06 10:00:00
125,Cooperativa El Progreso,2023-08-18,,2340.25,2340.25,,completado,1,2023-08-18 11:00:00
126,Ana Luz Choque,2023-08-08,,1252.75,1252.75,,completado,1,2023-08-08 14:00:00
127,Construcciones Mamani e Hijos,2023-08-20,,9861.5,9861.5,,completado,1,2023-08-20 08:00:00
128,Ferrería El Constructor,2023-08-08,,10557.7,10557.7,,completado,1,2023-08-08 16:00:00
129,Constructora Illimani,2023-08-10,,13012.35,13012.35,,completado,1,2023-08-10 08:00:00
130,Pedro Apaza Huanca,2023-08-18,,5114.65,5114.65,,en_proceso,1,2023-08-18 15:00:00
131,Constructora Illimani,2023-08-08,,1931.25,1931.25,,completado,1,2023-08-08 15:00:00
132,Roberto Flores Mamani,2023-08-28,,17753.3,17753.3,,completado,1,2023-08-28 16:00:00
133,Hermanos Ticona Ltda.,2023-08-07,,5085.85,5085.85,,completado,1,2023-08-07 14:00:00
134,Constructora Illimani,2023-08-30,,3491.1,3491.1,,completado,1,2023-08-30 15:00:00
135,Ferretería San Antonio,2023-08-25,,8903.65,8903.65,,en_proceso,1,2023-08-25 17:00:00
136,Ingeniería Civil Andes,2023-08-24,,5507.2,5507.2,,completado,1,2023-08-24 16:00:00
137,Ferretería San Antonio,2023-08-21,,918.6,918.6,,completado,1,2023-08-21 16:00:00
138,Constructora Andina SRL,2023-09-02,,7303.6,7303.6,,completado,1,2023-09-02 13:00:00
139,Organización Vecinal 12 de Octubre,2023-09-02,,654.4,654.4,,completado,1,2023-09-02 10:00:00
140,CONBOL S.A.,2023-09-04,,2045.7,2045.7,,completado,1,2023-09-04 14:00:00
141,Roberto Flores Mamani,2023-09-03,,7186.4,7186.4,,cancelado,1,2023-09-03 08:00:00
142,Cooperativa El Progreso,2023-09-03,,1177.35,1177.35,,completado,1,2023-09-03 14:00:00
143,Ferretería San Antonio,2023-09-21,,1720.7,1720.7,,completado,1,2023-09-21 12:00:00
144,Ferretería La Paz Centro,2023-09-29,,8564.85,8564.85,,completado,1,2023-09-29 17:00:00
145,Cooperativa El Progreso,2023-09-05,,4042.3,4042.3,,en_proceso,1,2023-09-05 16:00:00
146,Cooperativa El Progreso,2023-09-11,,1793.3,1793.3,,completado,1,2023-09-11 13:00:00
147,CONBOL S.A.,2023-09-02,,9168.85,9168.85,,completado,1,2023-09-02 13:00:00
148,Cooperativa El Progreso,2023-09-18,,12159.9,12159.9,,completado,1,2023-09-18 10:00:00
149,Juan Carlos Quispe,2023-09-13,,3821.8,3821.8,,completado,1,2023-09-13 10:00:00
150,Ana Luz Choque,2023-09-14,,6311.2,6311.2,,completado,1,2023-09-14 13:00:00
151,Cooperativa El Progreso,2023-09-28,,1457.8,1457.8,,completado,1,2023-09-28 14:00:00
152,Juan Carlos Quispe,2023-09-06,,5039.6,5039.6,,completado,1,2023-09-06 12:00:00
153,Distribuidora Norte SRL,2023-09-16,,3656.65,3656.65,,completado,1,2023-09-16 15:00:00
154,Ingeniería Civil Andes,2023-09-11,,6318.6,6318.6,,completado,1,2023-09-11 15:00:00
155,Constructora Illimani,2023-09-19,,5426.35,5426.35,,completado,1,2023-09-19 11:00:00
156,Ferretería La Paz Centro,2023-09-19,,17190.2,17190.2,,completado,1,2023-09-19 15:00:00
157,Empresa Constructora Altiplano,2023-09-05,,555.8,555.8,,completado,1,2023-09-05 16:00:00
158,Ingeniería Civil Andes,2023-09-30,,2687.9,2687.9,,completado,1,2023-09-30 08:00:00
159,Cooperativa El Progreso,2023-09-19,,5315.15,5315.15,,cancelado,1,2023-09-19 17:00:00
160,Ana Luz Choque,2023-09-08,,6484.7,6484.7,,completado,1,2023-09-08 15:00:00
161,Distribuidora Norte SRL,2023-10-14,,6473.9,6473.9,,completado,1,2023-10-14 13:00:00
162,CONBOL S.A.,2023-10-21,,414.75,414.75,,completado,1,2023-10-21 10:00:00
163,Ferretería La Paz Centro,2023-10-11,,1584.5,1584.5,,completado,1,2023-10-11 11:00:00
164,Pedro Apaza Huanca,2023-10-15,,2950.45,2950.45,,completado,1,2023-10-15 09:00:00
165,CONBOL S.A.,2023-10-19,,3449.1,3449.1,,completado,1,2023-10-19 13:00:00
166,Cooperativa El Progreso,2023-10-20,,6273.1,6273.1,,completado,1,2023-10-20 17:00:00
167,Distribuidora Norte SRL,2023-10-19,,3009.3,3009.3,,completado,1,2023-10-19 17:00:00
168,Ingeniería Civil Andes,2023-10-13,,2731.45,2731.45,,completado,1,2023-10-13 13:00:00
169,Ana Luz Choque,2023-10-27,,7567.75,7567.75,,completado,1,2023-10-27 15:00:00
170,María Elena Condori,2023-10-16,,10023.0,10023.0,,completado,1,2023-10-16 16:00:00
171,María Elena Condori,2023-10-10,,2435.6,2435.6,,completado,1,2023-10-10 13:00:00
172,Ferrería El Constructor,2023-10-18,,3866.1,3866.1,,completado,1,2023-10-18 08:00:00
173,Proyecto Municipal Viacha,2023-10-15,,2549.85,2549.85,,completado,1,2023-10-15 10:00:00
174,Juan Carlos Quispe,2023-10-20,,11014.65,11014.65,,completado,1,2023-10-20 16:00:00
175,CONBOL S.A.,2023-10-29,,11229.4,11229.4,,completado,1,2023-10-29 14:00:00
176,Juan Carlos Quispe,2023-10-16,,5425.0,5425.0,,completado,1,2023-10-16 09:00:00
177,Proyecto Municipal Viacha,2023-11-24,,524.65,524.65,,completado,1,2023-11-24 13:00:00
178,Distribuidora Norte SRL,2023-11-28,,2679.2,2679.2,,completado,1,2023-11-28 10:00:00
179,Hermanos Ticona Ltda.,2023-11-19,,2901.9,2901.9,,completado,1,2023-11-19 14:00:00
180,Juan Carlos Quispe,2023-11-07,,4585.0,4585.0,,en_proceso,1,2023-11-07 09:00:00
181,María Elena Condori,2023-11-12,,401.6,401.6,,completado,1,2023-11-12 09:00:00
182,Pedro Apaza Huanca,2023-11-05,,1647.1,1647.1,,completado,1,2023-11-05 09:00:00
183,Cooperativa El Progreso,2023-11-08,,5005.5,5005.5,,completado,1,2023-11-08 17:00:00
184,Organización Vecinal 12 de Octubre,2023-11-01,,884.45,884.45,,completado,1,2023-11-01 09:00:00
185,CONBOL S.A.,2023-11-29,,12586.2,12586.2,,completado,1,2023-11-29 10:00:00
186,Proyecto Municipal Viacha,2023-11-08,,6206.1,6206.1,,completado,1,2023-11-08 08:00:00
187,Empresa Constructora Altiplano,2023-11-28,,769.7,769.7,,completado,1,2023-11-28 14:00:00
188,Constructora Illimani,2023-11-04,,5889.9,5889.9,,completado,1,2023-11-04 17:00:00
189,Roberto Flores Mamani,2023-11-14,,660.45,660.45,,completado,1,2023-11-14 17:00:00
190,Construcciones Mamani e Hijos,2023-11-03,,1783.05,1783.05,,completado,1,2023-11-03 16:00:00
191,Cooperativa El Progreso,2023-12-14,,3022.5,3022.5,,completado,1,2023-12-14 16:00:00
192,Cooperativa El Progreso,2023-12-11,,2401.1,2401.1,,completado,1,2023-12-11 14:00:00
193,Ana Luz Choque,2023-12-04,,3047.45,3047.45,,completado,1,2023-12-04 08:00:00
194,Juan Carlos Quispe,2023-12-23,,3646.35,3646.35,,completado,1,2023-12-23 12:00:00
195,Roberto Flores Mamani,2023-12-06,,1343.1,1343.1,,completado,1,2023-12-06 09:00:00
196,Ana Luz Choque,2023-12-16,,417.0,417.0,,completado,1,2023-12-16 09:00:00
197,Pedro Apaza Huanca,2023-12-29,,4387.5,4387.5,,completado,1,2023-12-29 08:00:00
198,Ferrería El Constructor,2023-12-08,,5779.1,5779.1,,completado,1,2023-12-08 14:00:00
199,Ferretería San Antonio,2023-12-08,,2676.3,2676.3,,completado,1,2023-12-08 12:00:00
200,Distribuidora Norte SRL,2023-12-11,,2713.0,2713.0,,completado,1,2023-12-11 17:00:00
201,Ana Luz Choque,2023-12-08,,1008.2,1008.2,,completado,1,2023-12-08 13:00:00
202,Cooperativa El Progreso,2023-12-01,,393.05,393.05,,en_proceso,1,2023-12-01 16:00:00
203,Roberto Flores Mamani,2023-12-14,,1069.1,1069.1,,completado,1,2023-12-14 10:00:00
204,Empresa Constructora Altiplano,2023-12-08,,12049.6,12049.6,,completado,1,2023-12-08 11:00:00
205,Pedro Apaza Huanca,2023-12-05,,1731.4,1731.4,,completado,1,2023-12-05 13:00:00
206,Ferretería Don Pepe,2023-12-31,,2061.5,2061.5,,completado,1,2023-12-31 11:00:00
207,Ferretería San Antonio,2023-12-27,,2072.9,2072.9,,completado,1,2023-12-27 16:00:00
208,CONBOL S.A.,2024-01-15,,1120.65,1120.65,,completado,1,2024-01-15 10:00:00
209,Cooperativa El Progreso,2024-01-07,,3462.8,3462.8,,completado,1,2024-01-07 15:00:00
210,Juan Carlos Quispe,2024-01-26,,4181.4,4181.4,,completado,1,2024-01-26 14:00:00
211,Roberto Flores Mamani,2024-01-06,,8074.1,8074.1,,completado,1,2024-01-06 17:00:00
212,Constructora Illimani,2024-01-20,,4495.9,4495.9,,completado,1,2024-01-20 16:00:00
213,Ferretería La Paz Centro,2024-01-08,,5372.1,5372.1,,completado,1,2024-01-08 08:00:00
214,Hermanos Ticona Ltda.,2024-01-26,,1741.2,1741.2,,completado,1,2024-01-26 11:00:00
215,Cooperativa El Progreso,2024-01-19,,2801.9,2801.9,,completado,1,2024-01-19 17:00:00
216,Pedro Apaza Huanca,2024-01-05,,283.2,283.2,,cancelado,1,2024-01-05 13:00:00
217,Organización Vecinal 12 de Octubre,2024-01-30,,15609.2,15609.2,,completado,1,2024-01-30 13:00:00
218,Construcciones Mamani e Hijos,2024-01-02,,3352.9,3352.9,,completado,1,2024-01-02 17:00:00
219,Ferretería San Antonio,2024-01-04,,1942.8,1942.8,,completado,1,2024-01-04 15:00:00
220,Ferretería San Antonio,2024-01-21,,1713.0,1713.0,,completado,1,2024-01-21 14:00:00
221,Pedro Apaza Huanca,2024-02-25,,3282.9,3282.9,,completado,1,2024-02-25 09:00:00
222,Roberto Flores Mamani,2024-02-08,,1994.9,1994.9,,cancelado,1,2024-02-08 13:00:00
223,Construcciones Mamani e Hijos,2024-02-15,,1336.1,1336.1,,completado,1,2024-02-15 08:00:00
224,Cooperativa El Progreso,2024-02-02,,1618.2,1618.2,,completado,1,2024-02-02 17:00:00
225,Constructora Illimani,2024-02-21,,2356.9,2356.9,,completado,1,2024-02-21 09:00:00
226,Ferretería San Antonio,2024-02-03,,3590.15,3590.15,,completado,1,2024-02-03 15:00:00
227,Construcciones Mamani e Hijos,2024-02-23,,769.8,769.8,,completado,1,2024-02-23 16:00:00
228,Ferretería La Paz Centro,2024-02-24,,2581.8,2581.8,,completado,1,2024-02-24 15:00:00
229,Ferrería El Constructor,2024-02-05,,1730.95,1730.95,,completado,1,2024-02-05 12:00:00
230,Hermanos Ticona Ltda.,2024-02-03,,7752.15,7752.15,,en_proceso,1,2024-02-03 14:00:00
231,María Elena Condori,2024-02-12,,1998.45,1998.45,,completado,1,2024-02-12 08:00:00
232,CONBOL S.A.,2024-02-05,,4365.6,4365.6,,completado,1,2024-02-05 14:00:00
233,Hermanos Ticona Ltda.,2024-02-18,,2688.75,2688.75,,completado,1,2024-02-18 08:00:00
234,Pedro Apaza Huanca,2024-02-17,,1922.1,1922.1,,en_proceso,1,2024-02-17 14:00:00
235,Ingeniería Civil Andes,2024-02-03,,1144.4,1144.4,,completado,1,2024-02-03 16:00:00
236,Construcciones Mamani e Hijos,2024-03-28,,3035.2,3035.2,,completado,1,2024-03-28 09:00:00
237,CONBOL S.A.,2024-03-30,,9477.75,9477.75,,completado,1,2024-03-30 14:00:00
238,Cooperativa El Progreso,2024-03-09,,7713.95,7713.95,,completado,1,2024-03-09 14:00:00
239,Ferretería San Antonio,2024-03-29,,7090.2,7090.2,,completado,1,2024-03-29 13:00:00
240,Empresa Constructora Altiplano,2024-03-27,,9017.55,9017.55,,completado,1,2024-03-27 17:00:00
241,Distribuidora Norte SRL,2024-03-21,,2426.7,2426.7,,completado,1,2024-03-21 13:00:00
242,Ferrería El Constructor,2024-03-27,,5992.8,5992.8,,completado,1,2024-03-27 16:00:00
243,Pedro Apaza Huanca,2024-03-29,,1766.3,1766.3,,completado,1,2024-03-29 15:00:00
244,Roberto Flores Mamani,2024-03-02,,4165.6,4165.6,,completado,1,2024-03-02 09:00:00
245,Construcciones Mamani e Hijos,2024-03-22,,1103.3,1103.3,,completado,1,2024-03-22 12:00:00
246,Distribuidora Norte SRL,2024-03-24,,2473.5,2473.5,,completado,1,2024-03-24 12:00:00
247,Ingeniería Civil Andes,2024-03-21,,441.5,441.5,,completado,1,2024-03-21 12:00:00
248,Cooperativa El Progreso,2024-03-14,,987.85,987.85,,en_proceso,1,2024-03-14 13:00:00
249,Organización Vecinal 12 de Octubre,2024-03-18,,5542.15,5542.15,,completado,1,2024-03-18 13:00:00
250,Proyecto Municipal Viacha,2024-03-28,,1273.0,1273.0,,completado,1,2024-03-28 10:00:00
251,Hermanos Ticona Ltda.,2024-04-21,,6717.6,6717.6,,cancelado,1,2024-04-21 17:00:00
252,Ferretería Don Pepe,2024-04-27,,6641.0,6641.0,,completado,1,2024-04-27 12:00:00
253,Hermanos Ticona Ltda.,2024-04-04,,523.0,523.0,,completado,1,2024-04-04 13:00:00
254,Distribuidora Norte SRL,2024-04-21,,7133.85,7133.85,,completado,1,2024-04-21 13:00:00
255,Pedro Apaza Huanca,2024-04-09,,4450.85,4450.85,,completado,1,2024-04-09 12:00:00
256,Ferrería El Constructor,2024-04-14,,7321.5,7321.5,,en_proceso,1,2024-04-14 15:00:00
257,Ferretería San Antonio,2024-04-05,,3627.8,3627.8,,en_proceso,1,2024-04-05 13:00:00
258,Ferrería El Constructor,2024-04-21,,1855.95,1855.95,,completado,1,2024-04-21 15:00:00
259,Distribuidora Norte SRL,2024-04-26,,8606.0,8606.0,,completado,1,2024-04-26 16:00:00
260,Roberto Flores Mamani,2024-04-07,,3148.7,3148.7,,cancelado,1,2024-04-07 16:00:00
261,Empresa Constructora Altiplano,2024-04-19,,3277.75,3277.75,,completado,1,2024-04-19 13:00:00
262,Hermanos Ticona Ltda.,2024-04-29,,4847.85,4847.85,,completado,1,2024-04-29 11:00:00
263,Juan Carlos Quispe,2024-04-08,,9838.05,9838.05,,completado,1,2024-04-08 08:00:00
264,Proyecto Municipal Viacha,2024-04-13,,1581.1,1581.1,,completado,1,2024-04-13 15:00:00
265,CONBOL S.A.,2024-04-13,,5556.65,5556.65,,completado,1,2024-04-13 12:00:00
266,Organización Vecinal 12 de Octubre,2024-04-20,,1259.4,1259.4,,completado,1,2024-04-20 17:00:00
267,Proyecto Municipal Viacha,2024-04-07,,1130.95,1130.95,,en_proceso,1,2024-04-07 09:00:00
268,Pedro Apaza Huanca,2024-04-27,,3745.15,3745.15,,completado,1,2024-04-27 09:00:00
269,Proyecto Municipal Viacha,2024-04-29,,4930.6,4930.6,,completado,1,2024-04-29 13:00:00
270,Ingeniería Civil Andes,2024-05-11,,744.1,744.1,,completado,1,2024-05-11 10:00:00
271,Roberto Flores Mamani,2024-05-11,,3509.15,3509.15,,en_proceso,1,2024-05-11 14:00:00
272,María Elena Condori,2024-05-21,,1027.9,1027.9,,completado,1,2024-05-21 15:00:00
273,Organización Vecinal 12 de Octubre,2024-05-06,,8951.5,8951.5,,completado,1,2024-05-06 09:00:00
274,Ingeniería Civil Andes,2024-05-29,,9852.2,9852.2,,completado,1,2024-05-29 16:00:00
275,Pedro Apaza Huanca,2024-05-25,,471.7,471.7,,completado,1,2024-05-25 17:00:00
276,Ingeniería Civil Andes,2024-05-04,,3427.45,3427.45,,completado,1,2024-05-04 16:00:00
277,Organización Vecinal 12 de Octubre,2024-05-29,,2021.6,2021.6,,completado,1,2024-05-29 11:00:00
278,Proyecto Municipal Viacha,2024-05-11,,13997.4,13997.4,,completado,1,2024-05-11 15:00:00
279,Pedro Apaza Huanca,2024-05-15,,4566.6,4566.6,,completado,1,2024-05-15 17:00:00
280,Organización Vecinal 12 de Octubre,2024-05-31,,14092.4,14092.4,,completado,1,2024-05-31 17:00:00
281,Roberto Flores Mamani,2024-05-16,,5819.4,5819.4,,completado,1,2024-05-16 12:00:00
282,Constructora Andina SRL,2024-05-18,,5561.8,5561.8,,completado,1,2024-05-18 14:00:00
283,Proyecto Municipal Viacha,2024-05-04,,3786.6,3786.6,,completado,1,2024-05-04 11:00:00
284,Ferretería San Antonio,2024-05-23,,5320.05,5320.05,,completado,1,2024-05-23 16:00:00
285,Hermanos Ticona Ltda.,2024-05-05,,7330.3,7330.3,,completado,1,2024-05-05 09:00:00
286,Organización Vecinal 12 de Octubre,2024-05-13,,6388.75,6388.75,,completado,1,2024-05-13 13:00:00
287,Ana Luz Choque,2024-05-10,,778.85,778.85,,completado,1,2024-05-10 16:00:00
288,Ferretería San Antonio,2024-05-28,,2605.0,2605.0,,completado,1,2024-05-28 13:00:00
289,CONBOL S.A.,2024-05-23,,12548.2,12548.2,,completado,1,2024-05-23 14:00:00
290,Construcciones Mamani e Hijos,2024-05-26,,3691.2,3691.2,,completado,1,2024-05-26 10:00:00
291,Proyecto Municipal Viacha,2024-05-10,,9499.9,9499.9,,completado,1,2024-05-10 13:00:00
292,Ana Luz Choque,2024-05-27,,3233.9,3233.9,,completado,1,2024-05-27 12:00:00
293,Cooperativa El Progreso,2024-06-02,,1158.6,1158.6,,completado,1,2024-06-02 17:00:00
294,Organización Vecinal 12 de Octubre,2024-06-18,,307.35,307.35,,completado,1,2024-06-18 12:00:00
295,María Elena Condori,2024-06-05,,3223.0,3223.0,,completado,1,2024-06-05 10:00:00
296,Ferretería San Antonio,2024-06-30,,4735.9,4735.9,,completado,1,2024-06-30 16:00:00
297,Constructora Andina SRL,2024-06-03,,8923.35,8923.35,,completado,1,2024-06-03 13:00:00
298,Empresa Constructora Altiplano,2024-06-12,,829.7,829.7,,completado,1,2024-06-12 17:00:00
299,Ferrería El Constructor,2024-06-08,,6001.4,6001.4,,completado,1,2024-06-08 13:00:00
300,Constructora Andina SRL,2024-06-17,,2941.2,2941.2,,completado,1,2024-06-17 09:00:00
301,Ferretería La Paz Centro,2024-06-06,,1521.95,1521.95,,completado,1,2024-06-06 14:00:00
302,Distribuidora Norte SRL,2024-06-21,,818.4,818.4,,completado,1,2024-06-21 08:00:00
303,Proyecto Municipal Viacha,2024-06-06,,9969.3,9969.3,,completado,1,2024-06-06 14:00:00
304,Construcciones Mamani e Hijos,2024-06-11,,7274.75,7274.75,,completado,1,2024-06-11 17:00:00
305,Distribuidora Norte SRL,2024-06-02,,237.7,237.7,,completado,1,2024-06-02 08:00:00
306,María Elena Condori,2024-06-16,,5999.3,5999.3,,completado,1,2024-06-16 10:00:00
307,Roberto Flores Mamani,2024-06-10,,2991.6,2991.6,,cancelado,1,2024-06-10 17:00:00
308,Cooperativa El Progreso,2024-06-20,,2901.5,2901.5,,completado,1,2024-06-20 17:00:00
309,Ferrería El Constructor,2024-06-28,,2192.3,2192.3,,en_proceso,1,2024-06-28 17:00:00
310,Ferretería Don Pepe,2024-06-03,,891.2,891.2,,completado,1,2024-06-03 14:00:00
311,Construcciones Mamani e Hijos,2024-06-06,,1146.2,1146.2,,completado,1,2024-06-06 15:00:00
312,CONBOL S.A.,2024-06-18,,447.1,447.1,,completado,1,2024-06-18 09:00:00
313,Distribuidora Norte SRL,2024-06-24,,3475.8,3475.8,,en_proceso,1,2024-06-24 16:00:00
314,Juan Carlos Quispe,2024-06-16,,1257.5,1257.5,,completado,1,2024-06-16 15:00:00
315,Constructora Andina SRL,2024-06-17,,11769.0,11769.0,,completado,1,2024-06-17 10:00:00
316,María Elena Condori,2024-06-15,,2801.6,2801.6,,completado,1,2024-06-15 13:00:00
317,Hermanos Ticona Ltda.,2024-06-13,,11091.6,11091.6,,en_proceso,1,2024-06-13 14:00:00
318,Pedro Apaza Huanca,2024-07-12,,4710.5,4710.5,,completado,1,2024-07-12 16:00:00
319,Juan Carlos Quispe,2024-07-29,,1658.9,1658.9,,completado,1,2024-07-29 10:00:00
320,Organización Vecinal 12 de Octubre,2024-07-12,,17036.7,17036.7,,completado,1,2024-07-12 15:00:00
321,Hermanos Ticona Ltda.,2024-07-22,,2894.4,2894.4,,completado,1,2024-07-22 16:00:00
322,Pedro Apaza Huanca,2024-07-02,,739.3,739.3,,completado,1,2024-07-02 17:00:00
323,Construcciones Mamani e Hijos,2024-07-21,,27915.6,27915.6,,en_proceso,1,2024-07-21 17:00:00
324,María Elena Condori,2024-07-27,,1895.3,1895.3,,completado,1,2024-07-27 10:00:00
325,Construcciones Mamani e Hijos,2024-07-04,,5189.4,5189.4,,completado,1,2024-07-04 09:00:00
326,Hermanos Ticona Ltda.,2024-07-03,,5451.05,5451.05,,completado,1,2024-07-03 13:00:00
327,Pedro Apaza Huanca,2024-07-19,,1274.85,1274.85,,completado,1,2024-07-19 12:00:00
328,Ferretería La Paz Centro,2024-07-20,,877.2,877.2,,completado,1,2024-07-20 09:00:00
329,Construcciones Mamani e Hijos,2024-07-17,,11221.2,11221.2,,completado,1,2024-07-17 14:00:00
330,Pedro Apaza Huanca,2024-07-21,,17434.7,17434.7,,completado,1,2024-07-21 16:00:00
331,Proyecto Municipal Viacha,2024-07-16,,15180.2,15180.2,,cancelado,1,2024-07-16 10:00:00
332,Ferretería Don Pepe,2024-07-04,,3646.0,3646.0,,completado,1,2024-07-04 17:00:00
333,Distribuidora Norte SRL,2024-07-14,,5278.7,5278.7,,completado,1,2024-07-14 14:00:00
334,Constructora Andina SRL,2024-07-20,,5482.0,5482.0,,completado,1,2024-07-20 17:00:00
335,Ferrería El Constructor,2024-07-06,,9830.0,9830.0,,completado,1,2024-07-06 11:00:00
336,Construcciones Mamani e Hijos,2024-07-17,,1790.85,1790.85,,completado,1,2024-07-17 17:00:00
337,Roberto Flores Mamani,2024-07-12,,2884.9,2884.9,,cancelado,1,2024-07-12 17:00:00
338,Proyecto Municipal Viacha,2024-07-01,,9627.4,9627.4,,completado,1,2024-07-01 16:00:00
339,Proyecto Municipal Viacha,2024-07-31,,4715.8,4715.8,,en_proceso,1,2024-07-31 17:00:00
340,Construcciones Mamani e Hijos,2024-07-28,,2735.85,2735.85,,completado,1,2024-07-28 11:00:00
341,Ferretería San Antonio,2024-07-26,,5647.6,5647.6,,completado,1,2024-07-26 13:00:00
342,Ferretería La Paz Centro,2024-07-03,,5807.8,5807.8,,en_proceso,1,2024-07-03 15:00:00
343,Ferretería Don Pepe,2024-07-24,,498.4,498.4,,completado,1,2024-07-24 17:00:00
344,CONBOL S.A.,2024-08-25,,2820.5,2820.5,,completado,1,2024-08-25 16:00:00
345,Ferrería El Constructor,2024-08-31,,2220.4,2220.4,,en_proceso,1,2024-08-31 16:00:00
346,Cooperativa El Progreso,2024-08-09,,1464.2,1464.2,,completado,1,2024-08-09 10:00:00
347,CONBOL S.A.,2024-08-15,,8047.7,8047.7,,completado,1,2024-08-15 12:00:00
348,Ferretería La Paz Centro,2024-08-06,,9558.25,9558.25,,completado,1,2024-08-06 14:00:00
349,Ingeniería Civil Andes,2024-08-07,,2301.3,2301.3,,completado,1,2024-08-07 09:00:00
350,Proyecto Municipal Viacha,2024-08-24,,4911.05,4911.05,,completado,1,2024-08-24 14:00:00
351,Juan Carlos Quispe,2024-08-16,,1346.9,1346.9,,cancelado,1,2024-08-16 12:00:00
352,CONBOL S.A.,2024-08-16,,2799.4,2799.4,,completado,1,2024-08-16 17:00:00
353,Pedro Apaza Huanca,2024-08-07,,6069.6,6069.6,,completado,1,2024-08-07 09:00:00
354,Organización Vecinal 12 de Octubre,2024-08-13,,11312.2,11312.2,,completado,1,2024-08-13 09:00:00
355,María Elena Condori,2024-08-03,,1994.35,1994.35,,completado,1,2024-08-03 13:00:00
356,Pedro Apaza Huanca,2024-08-24,,1197.75,1197.75,,completado,1,2024-08-24 09:00:00
357,María Elena Condori,2024-08-07,,8795.0,8795.0,,completado,1,2024-08-07 14:00:00
358,Distribuidora Norte SRL,2024-08-17,,2973.4,2973.4,,completado,1,2024-08-17 10:00:00
359,Constructora Andina SRL,2024-08-05,,6470.7,6470.7,,en_proceso,1,2024-08-05 15:00:00
360,Ferretería La Paz Centro,2024-08-15,,8894.35,8894.35,,en_proceso,1,2024-08-15 17:00:00
361,Constructora Andina SRL,2024-08-14,,3262.65,3262.65,,completado,1,2024-08-14 10:00:00
362,Construcciones Mamani e Hijos,2024-08-10,,2994.75,2994.75,,completado,1,2024-08-10 12:00:00
363,Constructora Illimani,2024-08-20,,812.7,812.7,,completado,1,2024-08-20 14:00:00
364,Proyecto Municipal Viacha,2024-08-08,,3987.9,3987.9,,completado,1,2024-08-08 16:00:00
365,Proyecto Municipal Viacha,2024-08-26,,12793.2,12793.2,,completado,1,2024-08-26 16:00:00
366,María Elena Condori,2024-08-01,,217.85,217.85,,cancelado,1,2024-08-01 09:00:00
367,Ferretería Don Pepe,2024-09-16,,1859.1,1859.1,,completado,1,2024-09-16 10:00:00
368,Proyecto Municipal Viacha,2024-09-02,,4342.1,4342.1,,completado,1,2024-09-02 14:00:00
369,Construcciones Mamani e Hijos,2024-09-27,,5510.05,5510.05,,completado,1,2024-09-27 15:00:00
370,Empresa Constructora Altiplano,2024-09-13,,9633.6,9633.6,,en_proceso,1,2024-09-13 09:00:00
371,Hermanos Ticona Ltda.,2024-09-09,,3580.75,3580.75,,completado,1,2024-09-09 09:00:00
372,Ingeniería Civil Andes,2024-09-08,,2294.4,2294.4,,completado,1,2024-09-08 08:00:00
373,Pedro Apaza Huanca,2024-09-02,,4775.65,4775.65,,completado,1,2024-09-02 08:00:00
374,Roberto Flores Mamani,2024-09-02,,14640.0,14640.0,,completado,1,2024-09-02 14:00:00
375,Juan Carlos Quispe,2024-09-12,,7900.6,7900.6,,completado,1,2024-09-12 15:00:00
376,Pedro Apaza Huanca,2024-09-07,,5384.0,5384.0,,completado,1,2024-09-07 10:00:00
377,Empresa Constructora Altiplano,2024-09-15,,6749.3,6749.3,,completado,1,2024-09-15 13:00:00
378,Organización Vecinal 12 de Octubre,2024-09-25,,2724.25,2724.25,,completado,1,2024-09-25 09:00:00
379,Constructora Andina SRL,2024-09-04,,1903.4,1903.4,,completado,1,2024-09-04 09:00:00
380,Ferretería Don Pepe,2024-09-16,,9996.2,9996.2,,completado,1,2024-09-16 17:00:00
381,Distribuidora Norte SRL,2024-09-23,,4124.9,4124.9,,completado,1,2024-09-23 16:00:00
382,Distribuidora Norte SRL,2024-09-02,,2398.4,2398.4,,en_proceso,1,2024-09-02 11:00:00
383,Cooperativa El Progreso,2024-09-18,,8229.05,8229.05,,completado,1,2024-09-18 17:00:00
384,Ana Luz Choque,2024-09-12,,5265.9,5265.9,,completado,1,2024-09-12 17:00:00
385,Roberto Flores Mamani,2024-09-15,,2058.4,2058.4,,en_proceso,1,2024-09-15 11:00:00
386,Ferretería La Paz Centro,2024-09-19,,1654.0,1654.0,,completado,1,2024-09-19 12:00:00
387,Ferretería Don Pepe,2024-10-08,,6580.0,6580.0,,en_proceso,1,2024-10-08 16:00:00
388,Ferretería La Paz Centro,2024-10-17,,15199.2,15199.2,,completado,1,2024-10-17 12:00:00
389,Empresa Constructora Altiplano,2024-10-26,,5998.1,5998.1,,completado,1,2024-10-26 17:00:00
390,CONBOL S.A.,2024-10-27,,4804.9,4804.9,,completado,1,2024-10-27 14:00:00
391,CONBOL S.A.,2024-10-14,,20092.9,20092.9,,en_proceso,1,2024-10-14 14:00:00
392,Empresa Constructora Altiplano,2024-10-02,,4848.55,4848.55,,completado,1,2024-10-02 15:00:00
393,Organización Vecinal 12 de Octubre,2024-10-25,,1350.8,1350.8,,completado,1,2024-10-25 13:00:00
394,Hermanos Ticona Ltda.,2024-10-03,,1350.9,1350.9,,completado,1,2024-10-03 10:00:00
395,Juan Carlos Quispe,2024-10-25,,5114.05,5114.05,,completado,1,2024-10-25 16:00:00
396,Constructora Illimani,2024-10-08,,3675.9,3675.9,,completado,1,2024-10-08 12:00:00
397,Roberto Flores Mamani,2024-10-06,,7026.6,7026.6,,completado,1,2024-10-06 12:00:00
398,Ferretería San Antonio,2024-10-01,,3654.85,3654.85,,completado,1,2024-10-01 16:00:00
399,Ferretería Don Pepe,2024-10-07,,2388.3,2388.3,,completado,1,2024-10-07 08:00:00
400,Ferretería Don Pepe,2024-10-10,,2741.25,2741.25,,completado,1,2024-10-10 13:00:00
401,CONBOL S.A.,2024-10-28,,1727.15,1727.15,,completado,1,2024-10-28 16:00:00
402,Ana Luz Choque,2024-10-31,,13180.5,13180.5,,completado,1,2024-10-31 16:00:00
403,Ferrería El Constructor,2024-10-09,,2524.0,2524.0,,completado,1,2024-10-09 14:00:00
404,Organización Vecinal 12 de Octubre,2024-11-22,,803.0,803.0,,en_proceso,1,2024-11-22 10:00:00
405,Juan Carlos Quispe,2024-11-07,,1425.4,1425.4,,completado,1,2024-11-07 10:00:00
406,Pedro Apaza Huanca,2024-11-21,,1792.1,1792.1,,en_proceso,1,2024-11-21 13:00:00
407,Ingeniería Civil Andes,2024-11-29,,7649.4,7649.4,,cancelado,1,2024-11-29 10:00:00
408,Construcciones Mamani e Hijos,2024-11-06,,5766.2,5766.2,,completado,1,2024-11-06 15:00:00
409,Constructora Andina SRL,2024-11-05,,1539.6,1539.6,,en_proceso,1,2024-11-05 14:00:00
410,Construcciones Mamani e Hijos,2024-11-25,,794.75,794.75,,en_proceso,1,2024-11-25 13:00:00
411,Ana Luz Choque,2024-11-28,,3666.0,3666.0,,en_proceso,1,2024-11-28 17:00:00
412,Ferretería La Paz Centro,2024-11-20,,1705.35,1705.35,,completado,1,2024-11-20 16:00:00
413,Constructora Andina SRL,2024-11-13,,5800.25,5800.25,,completado,1,2024-11-13 09:00:00
414,Constructora Andina SRL,2024-11-24,,2015.1,2015.1,,completado,1,2024-11-24 15:00:00
415,Proyecto Municipal Viacha,2024-11-03,,10258.4,10258.4,,completado,1,2024-11-03 09:00:00
416,Cooperativa El Progreso,2024-11-17,,3712.8,3712.8,,completado,1,2024-11-17 12:00:00
417,Ana Luz Choque,2024-11-10,,6641.17,6641.17,,completado,1,2024-11-10 12:00:00
418,Ana Luz Choque,2024-11-01,,7172.1,7172.1,,completado,1,2024-11-01 15:00:00
419,Organización Vecinal 12 de Octubre,2024-11-03,,9064.2,9064.2,,completado,1,2024-11-03 11:00:00
420,Ferrería El Constructor,2024-12-05,,2424.3,2424.3,,completado,1,2024-12-05 12:00:00
421,Distribuidora Norte SRL,2024-12-11,,1910.3,1910.3,,completado,1,2024-12-11 10:00:00
422,Ana Luz Choque,2024-12-31,,2054.65,2054.65,,completado,1,2024-12-31 16:00:00
423,Empresa Constructora Altiplano,2024-12-03,,8468.4,8468.4,,completado,1,2024-12-03 11:00:00
424,Ferretería Don Pepe,2024-12-23,,6087.75,6087.75,,completado,1,2024-12-23 15:00:00
425,Organización Vecinal 12 de Octubre,2024-12-24,,3198.5,3198.5,,en_proceso,1,2024-12-24 15:00:00
426,María Elena Condori,2024-12-26,,4416.8,4416.8,,en_proceso,1,2024-12-26 15:00:00
427,CONBOL S.A.,2024-12-21,,2078.2,2078.2,,completado,1,2024-12-21 13:00:00
428,Ferretería Don Pepe,2024-12-18,,2331.1,2331.1,,completado,1,2024-12-18 16:00:00
429,Ferretería San Antonio,2024-12-18,,2647.05,2647.05,,completado,1,2024-12-18 08:00:00
430,María Elena Condori,2024-12-27,,957.45,957.45,,completado,1,2024-12-27 16:00:00
431,Ferretería San Antonio,2024-12-29,,15110.0,15110.0,,completado,1,2024-12-29 13:00:00
432,Juan Carlos Quispe,2024-12-03,,581.75,581.75,,completado,1,2024-12-03 17:00:00
433,Cooperativa El Progreso,2024-12-20,,1873.5,1873.5,,completado,1,2024-12-20 08:00:00
434,Ingeniería Civil Andes,2024-12-09,,3171.05,3171.05,,completado,1,2024-12-09 16:00:00
435,Constructora Andina SRL,2025-01-16,,2938.55,2938.55,,completado,1,2025-01-16 16:00:00
436,Juan Carlos Quispe,2025-01-22,,18765.3,18765.3,,completado,1,2025-01-22 12:00:00
437,Ferrería El Constructor,2025-01-30,,6873.65,6873.65,,completado,1,2025-01-30 17:00:00
438,Empresa Constructora Altiplano,2025-01-25,,2849.8,2849.8,,completado,1,2025-01-25 15:00:00
439,CONBOL S.A.,2025-01-22,,278.4,278.4,,completado,1,2025-01-22 09:00:00
440,Ferretería La Paz Centro,2025-01-07,,10723.1,10723.1,,completado,1,2025-01-07 13:00:00
441,Ana Luz Choque,2025-01-18,,3745.35,3745.35,,completado,1,2025-01-18 09:00:00
442,Cooperativa El Progreso,2025-01-14,,1854.25,1854.25,,completado,1,2025-01-14 16:00:00
443,Ana Luz Choque,2025-01-03,,258.3,258.3,,completado,1,2025-01-03 12:00:00
444,Ana Luz Choque,2025-01-22,,2029.85,2029.85,,completado,1,2025-01-22 15:00:00
445,María Elena Condori,2025-01-15,,631.05,631.05,,completado,1,2025-01-15 09:00:00
446,Empresa Constructora Altiplano,2025-01-26,,4155.7,4155.7,,completado,1,2025-01-26 17:00:00
447,Ingeniería Civil Andes,2025-01-14,,3153.15,3153.15,,completado,1,2025-01-14 09:00:00
448,Ferretería San Antonio,2025-02-15,,3142.0,3142.0,,completado,1,2025-02-15 09:00:00
449,Juan Carlos Quispe,2025-02-07,,924.2,924.2,,en_proceso,1,2025-02-07 17:00:00
450,Empresa Constructora Altiplano,2025-02-26,,862.2,862.2,,en_proceso,1,2025-02-26 16:00:00
451,Roberto Flores Mamani,2025-02-27,,3617.8,3617.8,,completado,1,2025-02-27 13:00:00
452,Cooperativa El Progreso,2025-02-23,,733.5,733.5,,completado,1,2025-02-23 13:00:00
453,Ingeniería Civil Andes,2025-02-27,,5255.5,5255.5,,completado,1,2025-02-27 14:00:00
454,Ana Luz Choque,2025-02-28,,5383.2,5383.2,,en_proceso,1,2025-02-28 11:00:00
455,Ingeniería Civil Andes,2025-02-06,,9707.85,9707.85,,completado,1,2025-02-06 08:00:00
456,Hermanos Ticona Ltda.,2025-02-19,,2522.4,2522.4,,completado,1,2025-02-19 16:00:00
457,Proyecto Municipal Viacha,2025-02-28,,5467.9,5467.9,,completado,1,2025-02-28 09:00:00
458,Ferretería La Paz Centro,2025-02-22,,9724.15,9724.15,,completado,1,2025-02-22 13:00:00
459,Roberto Flores Mamani,2025-02-14,,2519.4,2519.4,,cancelado,1,2025-02-14 08:00:00
460,Empresa Constructora Altiplano,2025-02-22,,2326.3,2326.3,,completado,1,2025-02-22 12:00:00
461,Proyecto Municipal Viacha,2025-02-09,,309.45,309.45,,completado,1,2025-02-09 15:00:00
462,María Elena Condori,2025-02-12,,5497.9,5497.9,,completado,1,2025-02-12 14:00:00
463,Ana Luz Choque,2025-03-08,,1351.5,1351.5,,completado,1,2025-03-08 12:00:00
464,CONBOL S.A.,2025-03-25,,959.8,959.8,,completado,1,2025-03-25 11:00:00
465,Cooperativa El Progreso,2025-03-13,,1514.85,1514.85,,completado,1,2025-03-13 15:00:00
466,Ferretería San Antonio,2025-03-13,,2412.0,2412.0,,cancelado,1,2025-03-13 12:00:00
467,Proyecto Municipal Viacha,2025-03-11,,2559.1,2559.1,,completado,1,2025-03-11 11:00:00
468,Pedro Apaza Huanca,2025-03-24,,3296.5,3296.5,,completado,1,2025-03-24 14:00:00
469,Constructora Andina SRL,2025-03-04,,2418.55,2418.55,,completado,1,2025-03-04 11:00:00
470,Organización Vecinal 12 de Octubre,2025-03-31,,995.25,995.25,,completado,1,2025-03-31 09:00:00
471,María Elena Condori,2025-03-23,,2003.1,2003.1,,completado,1,2025-03-23 13:00:00
472,María Elena Condori,2025-03-09,,1140.7,1140.7,,completado,1,2025-03-09 12:00:00
473,Proyecto Municipal Viacha,2025-03-31,,760.95,760.95,,completado,1,2025-03-31 15:00:00
474,Juan Carlos Quispe,2025-03-04,,6412.15,6412.15,,completado,1,2025-03-04 12:00:00
475,Ana Luz Choque,2025-03-25,,2858.8,2858.8,,completado,1,2025-03-25 14:00:00
476,Construcciones Mamani e Hijos,2025-03-19,,14710.9,14710.9,,completado,1,2025-03-19 13:00:00
477,Empresa Constructora Altiplano,2025-03-11,,1294.5,1294.5,,completado,1,2025-03-11 12:00:00
478,Ferretería Don Pepe,2025-03-21,,1768.65,1768.65,,completado,1,2025-03-21 09:00:00
479,Roberto Flores Mamani,2025-03-21,,4127.4,4127.4,,completado,1,2025-03-21 15:00:00
480,Ana Luz Choque,2025-03-18,,4571.6,4571.6,,cancelado,1,2025-03-18 14:00:00
481,Constructora Andina SRL,2025-04-26,,1442.5,1442.5,,completado,1,2025-04-26 08:00:00
482,Organización Vecinal 12 de Octubre,2025-04-16,,13652.2,13652.2,,completado,1,2025-04-16 09:00:00
483,Hermanos Ticona Ltda.,2025-04-04,,9943.2,9943.2,,completado,1,2025-04-04 09:00:00
484,Pedro Apaza Huanca,2025-04-22,,5138.4,5138.4,,completado,1,2025-04-22 14:00:00
485,Roberto Flores Mamani,2025-04-06,,10464.4,10464.4,,completado,1,2025-04-06 08:00:00
486,Hermanos Ticona Ltda.,2025-04-29,,2712.15,2712.15,,completado,1,2025-04-29 12:00:00
487,Hermanos Ticona Ltda.,2025-04-14,,3671.7,3671.7,,completado,1,2025-04-14 10:00:00
488,Ferrería El Constructor,2025-04-20,,2966.1,2966.1,,completado,1,2025-04-20 17:00:00
489,Ferretería La Paz Centro,2025-04-12,,8605.1,8605.1,,completado,1,2025-04-12 15:00:00
490,María Elena Condori,2025-04-16,,1819.6,1819.6,,completado,1,2025-04-16 10:00:00
491,Construcciones Mamani e Hijos,2025-04-26,,16886.4,16886.4,,completado,1,2025-04-26 13:00:00
492,Ferretería Don Pepe,2025-04-14,,6293.3,6293.3,,completado,1,2025-04-14 09:00:00
493,Pedro Apaza Huanca,2025-04-16,,1827.8,1827.8,,completado,1,2025-04-16 10:00:00
494,Pedro Apaza Huanca,2025-04-02,,9434.55,9434.55,,completado,1,2025-04-02 13:00:00
495,Empresa Constructora Altiplano,2025-04-08,,3528.1,3528.1,,completado,1,2025-04-08 15:00:00
496,Ferretería Don Pepe,2025-04-28,,3758.3,3758.3,,completado,1,2025-04-28 17:00:00
497,Pedro Apaza Huanca,2025-04-05,,1148.9,1148.9,,en_proceso,1,2025-04-05 09:00:00
498,Distribuidora Norte SRL,2025-05-08,,4165.2,4165.2,,completado,1,2025-05-08 12:00:00
499,Distribuidora Norte SRL,2025-05-08,,578.0,578.0,,completado,1,2025-05-08 10:00:00
500,Cooperativa El Progreso,2025-05-28,,920.25,920.25,,completado,1,2025-05-28 17:00:00
501,Pedro Apaza Huanca,2025-05-18,,5198.45,5198.45,,completado,1,2025-05-18 17:00:00
502,Roberto Flores Mamani,2025-05-02,,2795.8,2795.8,,completado,1,2025-05-02 15:00:00
503,Pedro Apaza Huanca,2025-05-24,,3251.6,3251.6,,en_proceso,1,2025-05-24 16:00:00
504,CONBOL S.A.,2025-05-17,,6799.4,6799.4,,completado,1,2025-05-17 09:00:00
505,Ana Luz Choque,2025-05-07,,1540.4,1540.4,,completado,1,2025-05-07 10:00:00
506,Ferretería Don Pepe,2025-05-28,,4861.6,4861.6,,completado,1,2025-05-28 08:00:00
507,Ferretería Don Pepe,2025-05-10,,9747.6,9747.6,,completado,1,2025-05-10 16:00:00
508,Ana Luz Choque,2025-05-15,,4501.65,4501.65,,completado,1,2025-05-15 15:00:00
509,Empresa Constructora Altiplano,2025-05-12,,11593.85,11593.85,,completado,1,2025-05-12 10:00:00
510,Ferretería La Paz Centro,2025-05-23,,3235.65,3235.65,,completado,1,2025-05-23 13:00:00
511,Juan Carlos Quispe,2025-05-12,,5460.3,5460.3,,completado,1,2025-05-12 15:00:00
512,Ferretería San Antonio,2025-05-30,,816.6,816.6,,completado,1,2025-05-30 15:00:00
513,CONBOL S.A.,2025-05-11,,2797.0,2797.0,,completado,1,2025-05-11 12:00:00
514,Construcciones Mamani e Hijos,2025-05-07,,4504.2,4504.2,,completado,1,2025-05-07 08:00:00
515,Roberto Flores Mamani,2025-05-30,,11406.95,11406.95,,completado,1,2025-05-30 14:00:00
516,Ana Luz Choque,2025-05-26,,3243.8,3243.8,,completado,1,2025-05-26 13:00:00
517,Pedro Apaza Huanca,2025-05-03,,6027.0,6027.0,,completado,1,2025-05-03 16:00:00
518,Pedro Apaza Huanca,2025-05-15,,4946.5,4946.5,,completado,1,2025-05-15 08:00:00
519,Empresa Constructora Altiplano,2025-05-27,,4153.0,4153.0,,en_proceso,1,2025-05-27 15:00:00
520,Empresa Constructora Altiplano,2025-06-22,,6888.3,6888.3,,completado,1,2025-06-22 13:00:00
521,Hermanos Ticona Ltda.,2025-06-19,,13437.1,13437.1,,completado,1,2025-06-19 13:00:00
522,Juan Carlos Quispe,2025-06-15,,7105.7,7105.7,,completado,1,2025-06-15 08:00:00
523,Empresa Constructora Altiplano,2025-06-10,,5327.1,5327.1,,completado,1,2025-06-10 09:00:00
524,Pedro Apaza Huanca,2025-06-18,,3565.7,3565.7,,completado,1,2025-06-18 14:00:00
525,María Elena Condori,2025-06-11,,4173.25,4173.25,,completado,1,2025-06-11 17:00:00
526,Constructora Andina SRL,2025-06-23,,5382.95,5382.95,,en_proceso,1,2025-06-23 10:00:00
527,Ana Luz Choque,2025-06-27,,510.7,510.7,,en_proceso,1,2025-06-27 10:00:00
528,Constructora Illimani,2025-06-23,,10009.8,10009.8,,completado,1,2025-06-23 09:00:00
529,Construcciones Mamani e Hijos,2025-06-03,,3718.5,3718.5,,completado,1,2025-06-03 09:00:00
530,CONBOL S.A.,2025-06-26,,7611.0,7611.0,,en_proceso,1,2025-06-26 09:00:00
531,Proyecto Municipal Viacha,2025-06-05,,6357.2,6357.2,,cancelado,1,2025-06-05 17:00:00
532,Construcciones Mamani e Hijos,2025-06-25,,2490.2,2490.2,,completado,1,2025-06-25 17:00:00
533,Ana Luz Choque,2025-06-06,,4294.35,4294.35,,completado,1,2025-06-06 16:00:00
534,Ingeniería Civil Andes,2025-06-08,,11095.9,11095.9,,completado,1,2025-06-08 09:00:00
535,Empresa Constructora Altiplano,2025-06-13,,2299.5,2299.5,,completado,1,2025-06-13 13:00:00
536,Construcciones Mamani e Hijos,2025-06-06,,3821.4,3821.4,,cancelado,1,2025-06-06 17:00:00
537,María Elena Condori,2025-06-04,,1536.7,1536.7,,completado,1,2025-06-04 14:00:00
538,Hermanos Ticona Ltda.,2025-06-12,,9294.0,9294.0,,completado,1,2025-06-12 08:00:00
539,Cooperativa El Progreso,2025-06-06,,2588.2,2588.2,,completado,1,2025-06-06 15:00:00
540,Empresa Constructora Altiplano,2025-06-07,,10982.7,10982.7,,completado,1,2025-06-07 14:00:00
541,CONBOL S.A.,2025-06-29,,2800.3,2800.3,,completado,1,2025-06-29 10:00:00
542,Ingeniería Civil Andes,2025-06-16,,983.8,983.8,,completado,1,2025-06-16 14:00:00
543,Cooperativa El Progreso,2025-07-19,,957.2,957.2,,completado,1,2025-07-19 17:00:00
544,Ferretería San Antonio,2025-07-01,,13083.0,13083.0,,completado,1,2025-07-01 09:00:00
545,Distribuidora Norte SRL,2025-07-30,,239.2,239.2,,en_proceso,1,2025-07-30 14:00:00
546,Constructora Andina SRL,2025-07-19,,2339.9,2339.9,,en_proceso,1,2025-07-19 14:00:00
547,Cooperativa El Progreso,2025-07-19,,3995.0,3995.0,,completado,1,2025-07-19 15:00:00
548,Ferretería San Antonio,2025-07-17,,4984.6,4984.6,,completado,1,2025-07-17 09:00:00
549,Ferretería La Paz Centro,2025-07-27,,5290.0,5290.0,,completado,1,2025-07-27 17:00:00
550,Distribuidora Norte SRL,2025-07-24,,3500.05,3500.05,,completado,1,2025-07-24 09:00:00
551,Empresa Constructora Altiplano,2025-07-21,,3527.1,3527.1,,completado,1,2025-07-21 12:00:00
552,Constructora Andina SRL,2025-07-20,,5156.4,5156.4,,completado,1,2025-07-20 16:00:00
553,Organización Vecinal 12 de Octubre,2025-07-26,,916.4,916.4,,en_proceso,1,2025-07-26 11:00:00
554,Ingeniería Civil Andes,2025-07-28,,5391.5,5391.5,,completado,1,2025-07-28 11:00:00
555,Juan Carlos Quispe,2025-07-04,,2376.25,2376.25,,completado,1,2025-07-04 14:00:00
556,Ferrería El Constructor,2025-07-14,,5440.0,5440.0,,completado,1,2025-07-14 16:00:00
557,Ferrería El Constructor,2025-07-06,,306.15,306.15,,cancelado,1,2025-07-06 14:00:00
558,Roberto Flores Mamani,2025-07-29,,2708.5,2708.5,,completado,1,2025-07-29 17:00:00
559,Constructora Andina SRL,2025-07-31,,7099.3,7099.3,,completado,1,2025-07-31 10:00:00
560,María Elena Condori,2025-07-04,,7604.6,7604.6,,completado,1,2025-07-04 16:00:00
561,CONBOL S.A.,2025-07-12,,6152.1,6152.1,,completado,1,2025-07-12 12:00:00
562,Organización Vecinal 12 de Octubre,2025-07-01,,4272.3,4272.3,,completado,1,2025-07-01 09:00:00
563,Constructora Illimani,2025-07-18,,912.4,912.4,,en_proceso,1,2025-07-18 11:00:00
564,Ferretería Don Pepe,2025-07-10,,6489.35,6489.35,,en_proceso,1,2025-07-10 14:00:00
565,Ferrería El Constructor,2025-07-26,,3549.6,3549.6,,completado,1,2025-07-26 13:00:00
566,Ingeniería Civil Andes,2025-07-23,,7421.0,7421.0,,en_proceso,1,2025-07-23 08:00:00
567,María Elena Condori,2025-07-21,,639.3,639.3,,completado,1,2025-07-21 10:00:00
568,Ingeniería Civil Andes,2025-08-22,,4763.5,4763.5,,completado,1,2025-08-22 11:00:00
569,Ingeniería Civil Andes,2025-08-03,,3172.3,3172.3,,completado,1,2025-08-03 17:00:00
570,Constructora Illimani,2025-08-21,,3191.4,3191.4,,en_proceso,1,2025-08-21 16:00:00
571,Ana Luz Choque,2025-08-14,,4570.75,4570.75,,en_proceso,1,2025-08-14 12:00:00
572,Hermanos Ticona Ltda.,2025-08-10,,3125.55,3125.55,,completado,1,2025-08-10 11:00:00
573,María Elena Condori,2025-08-14,,2365.5,2365.5,,completado,1,2025-08-14 11:00:00
574,Pedro Apaza Huanca,2025-08-12,,2909.8,2909.8,,completado,1,2025-08-12 14:00:00
575,Organización Vecinal 12 de Octubre,2025-08-24,,4539.65,4539.65,,completado,1,2025-08-24 13:00:00
576,Organización Vecinal 12 de Octubre,2025-08-20,,784.8,784.8,,completado,1,2025-08-20 10:00:00
577,Hermanos Ticona Ltda.,2025-08-17,,4048.45,4048.45,,en_proceso,1,2025-08-17 13:00:00
578,Ingeniería Civil Andes,2025-08-30,,870.2,870.2,,completado,1,2025-08-30 15:00:00
579,Ferretería Don Pepe,2025-08-02,,4373.75,4373.75,,completado,1,2025-08-02 14:00:00
580,Hermanos Ticona Ltda.,2025-08-04,,961.1,961.1,,completado,1,2025-08-04 09:00:00
581,Empresa Constructora Altiplano,2025-08-07,,3701.25,3701.25,,completado,1,2025-08-07 17:00:00
582,Pedro Apaza Huanca,2025-08-07,,5008.85,5008.85,,cancelado,1,2025-08-07 11:00:00
583,Hermanos Ticona Ltda.,2025-08-25,,5504.7,5504.7,,completado,1,2025-08-25 10:00:00
584,Distribuidora Norte SRL,2025-08-01,,4023.2,4023.2,,completado,1,2025-08-01 17:00:00
585,Ferretería Don Pepe,2025-08-05,,4660.15,4660.15,,en_proceso,1,2025-08-05 14:00:00
586,Construcciones Mamani e Hijos,2025-08-03,,3213.0,3213.0,,en_proceso,1,2025-08-03 10:00:00
587,Empresa Constructora Altiplano,2025-08-04,,8648.7,8648.7,,completado,1,2025-08-04 16:00:00
588,Hermanos Ticona Ltda.,2025-08-07,,15607.95,15607.95,,completado,1,2025-08-07 14:00:00
589,Ferrería El Constructor,2025-08-03,,6172.75,6172.75,,completado,1,2025-08-03 12:00:00
590,Juan Carlos Quispe,2025-08-05,,2388.9,2388.9,,completado,1,2025-08-05 16:00:00
591,Ingeniería Civil Andes,2025-08-14,,14343.4,14343.4,,completado,1,2025-08-14 15:00:00
592,María Elena Condori,2025-08-06,,4677.65,4677.65,,en_proceso,1,2025-08-06 15:00:00
593,Ana Luz Choque,2025-08-25,,1846.8,1846.8,,completado,1,2025-08-25 10:00:00
594,Organización Vecinal 12 de Octubre,2025-08-03,,11600.2,11600.2,,completado,1,2025-08-03 14:00:00
595,Organización Vecinal 12 de Octubre,2025-08-28,,4591.3,4591.3,,completado,1,2025-08-28 09:00:00
596,Juan Carlos Quispe,2025-08-05,,2476.9,2476.9,,completado,1,2025-08-05 11:00:00
597,Constructora Illimani,2025-09-05,,7647.95,7647.95,,completado,1,2025-09-05 10:00:00
598,Juan Carlos Quispe,2025-09-29,,12817.0,12817.0,,completado,1,2025-09-29 14:00:00
599,Ferretería San Antonio,2025-09-02,,4892.6,4892.6,,completado,1,2025-09-02 12:00:00
600,Hermanos Ticona Ltda.,2025-09-02,,8385.4,8385.4,,completado,1,2025-09-02 08:00:00
601,Pedro Apaza Huanca,2025-09-14,,3430.5,3430.5,,completado,1,2025-09-14 15:00:00
602,Roberto Flores Mamani,2025-09-20,,3710.75,3710.75,,completado,1,2025-09-20 13:00:00
603,Organización Vecinal 12 de Octubre,2025-09-30,,922.2,922.2,,en_proceso,1,2025-09-30 10:00:00
604,Ferretería Don Pepe,2025-09-20,,9602.9,9602.9,,completado,1,2025-09-20 08:00:00
605,Roberto Flores Mamani,2025-09-01,,13647.45,13647.45,,en_proceso,1,2025-09-01 17:00:00
606,CONBOL S.A.,2025-09-08,,4213.05,4213.05,,completado,1,2025-09-08 16:00:00
607,CONBOL S.A.,2025-09-20,,2393.45,2393.45,,completado,1,2025-09-20 11:00:00
608,Roberto Flores Mamani,2025-09-30,,6526.65,6526.65,,completado,1,2025-09-30 09:00:00
609,Roberto Flores Mamani,2025-09-05,,1768.4,1768.4,,completado,1,2025-09-05 08:00:00
610,Hermanos Ticona Ltda.,2025-09-08,,3138.35,3138.35,,completado,1,2025-09-08 16:00:00
611,Constructora Illimani,2025-09-14,,1899.55,1899.55,,completado,1,2025-09-14 13:00:00
612,Ana Luz Choque,2025-09-01,,3520.9,3520.9,,completado,1,2025-09-01 13:00:00
613,María Elena Condori,2025-09-13,,5136.9,5136.9,,completado,1,2025-09-13 16:00:00
614,Ingeniería Civil Andes,2025-09-10,,5260.05,5260.05,,completado,1,2025-09-10 16:00:00
615,Juan Carlos Quispe,2025-09-20,,10609.6,10609.6,,completado,1,2025-09-20 14:00:00
616,Ferretería Don Pepe,2025-09-25,,7316.6,7316.6,,en_proceso,1,2025-09-25 10:00:00
617,Ferretería La Paz Centro,2025-09-17,,939.0,939.0,,completado,1,2025-09-17 10:00:00
618,Construcciones Mamani e Hijos,2025-09-01,,4095.95,4095.95,,en_proceso,1,2025-09-01 13:00:00
619,Constructora Andina SRL,2025-09-09,,4577.9,4577.9,,completado,1,2025-09-09 08:00:00
620,Ferretería San Antonio,2025-09-15,,4961.5,4961.5,,cancelado,1,2025-09-15 17:00:00
621,Cooperativa El Progreso,2025-10-23,,1396.5,1396.5,,completado,1,2025-10-23 13:00:00
622,CONBOL S.A.,2025-10-15,,11700.4,11700.4,,completado,1,2025-10-15 16:00:00
623,Pedro Apaza Huanca,2025-10-13,,3292.05,3292.05,,completado,1,2025-10-13 14:00:00
624,María Elena Condori,2025-10-27,,2431.0,2431.0,,completado,1,2025-10-27 16:00:00
625,Ferretería Don Pepe,2025-10-04,,3392.55,3392.55,,completado,1,2025-10-04 09:00:00
626,Ingeniería Civil Andes,2025-10-20,,4339.4,4339.4,,completado,1,2025-10-20 08:00:00
627,Juan Carlos Quispe,2025-10-26,,11163.0,11163.0,,completado,1,2025-10-26 09:00:00
628,Roberto Flores Mamani,2025-10-18,,4837.2,4837.2,,completado,1,2025-10-18 13:00:00
629,Cooperativa El Progreso,2025-10-26,,12623.75,12623.75,,completado,1,2025-10-26 17:00:00
630,Cooperativa El Progreso,2025-10-14,,3353.55,3353.55,,completado,1,2025-10-14 08:00:00
631,Empresa Constructora Altiplano,2025-10-19,,12558.3,12558.3,,completado,1,2025-10-19 17:00:00
632,Ferrería El Constructor,2025-10-25,,6835.1,6835.1,,cancelado,1,2025-10-25 12:00:00
633,Ferretería Don Pepe,2025-10-26,,2961.25,2961.25,,completado,1,2025-10-26 14:00:00
634,Constructora Andina SRL,2025-10-01,,4438.45,4438.45,,completado,1,2025-10-01 10:00:00
635,Proyecto Municipal Viacha,2025-10-06,,1161.0,1161.0,,completado,1,2025-10-06 13:00:00
636,Construcciones Mamani e Hijos,2025-10-06,,3001.2,3001.2,,completado,1,2025-10-06 12:00:00
637,CONBOL S.A.,2025-10-13,,8493.9,8493.9,,completado,1,2025-10-13 16:00:00
638,CONBOL S.A.,2025-10-13,,4744.0,4744.0,,completado,1,2025-10-13 16:00:00
639,Pedro Apaza Huanca,2025-10-31,,8272.2,8272.2,,completado,1,2025-10-31 14:00:00
640,Distribuidora Norte SRL,2025-10-15,,11582.4,11582.4,,en_proceso,1,2025-10-15 16:00:00
641,Ferrería El Constructor,2025-10-15,,3553.9,3553.9,,completado,1,2025-10-15 17:00:00
642,Cooperativa El Progreso,2025-10-09,,1702.0,1702.0,,cancelado,1,2025-10-09 16:00:00
643,Ingeniería Civil Andes,2025-10-09,,12414.7,12414.7,,completado,1,2025-10-09 12:00:00
644,Ferretería San Antonio,2025-11-11,,1578.75,1578.75,,completado,1,2025-11-11 09:00:00
645,Distribuidora Norte SRL,2025-11-26,,619.1,619.1,,completado,1,2025-11-26 08:00:00
646,Ana Luz Choque,2025-11-04,,5752.0,5752.0,,completado,1,2025-11-04 13:00:00
647,Distribuidora Norte SRL,2025-11-07,,4567.3,4567.3,,completado,1,2025-11-07 17:00:00
648,Construcciones Mamani e Hijos,2025-11-07,,6378.0,6378.0,,completado,1,2025-11-07 09:00:00
649,Juan Carlos Quispe,2025-11-19,,8252.8,8252.8,,completado,1,2025-11-19 12:00:00
650,Construcciones Mamani e Hijos,2025-11-07,,6681.9,6681.9,,cancelado,1,2025-11-07 08:00:00
651,Ferretería San Antonio,2025-11-28,,2377.4,2377.4,,completado,1,2025-11-28 09:00:00
652,Pedro Apaza Huanca,2025-11-29,,1803.45,1803.45,,completado,1,2025-11-29 13:00:00
653,Proyecto Municipal Viacha,2025-11-27,,13938.5,13938.5,,completado,1,2025-11-27 17:00:00
654,Ana Luz Choque,2025-11-20,,1155.2,1155.2,,completado,1,2025-11-20 09:00:00
655,Juan Carlos Quispe,2025-11-26,,4810.0,4810.0,,completado,1,2025-11-26 14:00:00
656,Organización Vecinal 12 de Octubre,2025-11-08,,406.0,406.0,,completado,1,2025-11-08 09:00:00
657,Construcciones Mamani e Hijos,2025-11-11,,9733.8,9733.8,,completado,1,2025-11-11 17:00:00
658,Constructora Andina SRL,2025-11-05,,5318.85,5318.85,,completado,1,2025-11-05 14:00:00
659,Roberto Flores Mamani,2025-11-17,,1867.8,1867.8,,completado,1,2025-11-17 16:00:00
660,Ferrería El Constructor,2025-12-18,,1761.6,1761.6,,completado,1,2025-12-18 13:00:00
661,Hermanos Ticona Ltda.,2025-12-07,,5010.5,5010.5,,completado,1,2025-12-07 11:00:00
662,Construcciones Mamani e Hijos,2025-12-30,,293.85,293.85,,completado,1,2025-12-30 14:00:00
663,Cooperativa El Progreso,2025-12-07,,623.4,623.4,,completado,1,2025-12-07 11:00:00
664,María Elena Condori,2025-12-10,,3826.5,3826.5,,completado,1,2025-12-10 11:00:00
665,María Elena Condori,2025-12-01,,425.15,425.15,,en_proceso,1,2025-12-01 17:00:00
666,Ingeniería Civil Andes,2025-12-29,,2655.85,2655.85,,en_proceso,1,2025-12-29 11:00:00
667,Cooperativa El Progreso,2025-12-18,,7249.3,7249.3,,completado,1,2025-12-18 12:00:00
668,Juan Carlos Quispe,2025-12-26,,5209.5,5209.5,,completado,1,2025-12-26 17:00:00
669,Hermanos Ticona Ltda.,2025-12-29,,14476.55,14476.55,,completado,1,2025-12-29 16:00:00
670,Constructora Andina SRL,2025-12-13,,2002.05,2002.05,,completado,1,2025-12-13 17:00:00
671,Pedro Apaza Huanca,2025-12-13,,3266.8,3266.8,,completado,1,2025-12-13 11:00:00
672,Ingeniería Civil Andes,2025-12-10,,11879.8,11879.8,,en_proceso,1,2025-12-10 13:00:00
673,Pedro Apaza Huanca,2025-12-08,,449.1,449.1,,completado,1,2025-12-08 08:00:00
674,Ana Luz Choque,2025-12-06,,12323.35,12323.35,,completado,1,2025-12-06 11:00:00
675,CONBOL S.A.,2025-12-04,,2795.65,2795.65,,completado,1,2025-12-04 12:00:00
676,Proyecto Municipal Viacha,2025-12-24,,5853.5,5853.5,,completado,1,2025-12-24 12:00:00
677,Roberto Flores Mamani,2025-12-27,,3329.3,3329.3,,completado,1,2025-12-27 10:00:00
678,Cooperativa El Progreso,2025-12-28,,1988.8,1988.8,,completado,1,2025-12-28 09:00:00
679,Ferretería Don Pepe,2025-12-11,,2683.8,2683.8,,completado,1,2025-12-11 13:00:00
